<?xml version="1.0" encoding="UTF-8"?>
<manifest identifier="scorm1758811254916" version="1"
 xmlns="http://www.imsproject.org/xsd/imscp_rootv1p1p2"
 xmlns:adlcp="http://www.adlnet.org/xsd/adlcp_rootv1p2">
  <organizations default="org1">
    <organization identifier="org1">
      <title>Linear Regression: From Loss to Learning</title>
      <item identifier="i1" identifierref="res1"><title>Linear Regression: From Loss to Learning</title></item>
    </organization>
  </organizations>
  <resources>
    <resource identifier="res1" type="webcontent" adlcp:scormtype="sco" href="index.html">
      <file href="index.html"/><file href="scormfunctions.js"/>
    </resource>
  </resources>
</manifest>