<?xml version="1.0" encoding="UTF-8"?>
<manifest identifier="W5_Customization_Decision_001" version="1.2"
    xmlns="http://www.imsproject.org/xsd/imscp_rootv1p1p2"
    xmlns:adlcp="http://www.adlnet.org/xsd/adlcp_rootv1p2"
    xmlns:xsi="http://www.w3.org/2001/XMLSchema-instance"
    xsi:schemaLocation="http://www.imsproject.org/xsd/imscp_rootv1p1p2 imscp_rootv1p1p2.xsd
                       http://www.imsglobal.org/xsd/imsmd_rootv1p2p1 imsmd_rootv1p2p1.xsd
                       http://www.adlnet.org/xsd/adlcp_rootv1p2 adlcp_rootv1p2.xsd">

  <metadata>
    <schema>ADL SCORM</schema>
    <schemaversion>1.2</schemaversion>
  </metadata>

  <organizations default="W5_Customization_Decision_ORG">
    <organization identifier="W5_Customization_Decision_ORG">
      <title>LLM Customization Decision Tool</title>
      <item identifier="W5_Customization_Decision_ITEM" identifierref="W5_Customization_Decision_SCO">
        <title>LLM Customization Decision Tool</title>
      </item>
    </organization>
  </organizations>

  <resources>
    <resource identifier="W5_Customization_Decision_SCO" type="webcontent" adlcp:scormtype="sco" href="index.html">
      <file href="index.html"/>
      <file href="scormfunctions.js"/>
      <file href="ivey-widget-base.css"/>
    </resource>
  </resources>

</manifest>
