<?xml version="1.0" encoding="UTF-8"?>
<manifest identifier="Week3IntroMatcher_001" version="1.0"
          xmlns="http://www.imsproject.org/xsd/imscp_rootv1p1p2"
          xmlns:adlcp="http://www.adlnet.org/xsd/adlcp_rootv1p2"
          xmlns:xsi="http://www.w3.org/2001/XMLSchema-instance">
  <metadata>
    <schema>ADL SCORM</schema>
    <schemaversion>1.2</schemaversion>
  </metadata>
  <organizations default="Week3IntroMatcher_TOC">
    <organization identifier="Week3IntroMatcher_TOC">
      <title>Week 3 Introduction Matcher</title>
      <item identifier="item_1" identifierref="resource_1">
        <title>Week 3 Introduction Matcher</title>
      </item>
    </organization>
  </organizations>
  <resources>
    <resource identifier="resource_1" type="webcontent" adlcp:scormtype="sco" href="index.html">
      <file href="index.html"/>
      <file href="ivey-widget-base.css"/>
    </resource>
  </resources>
</manifest>